Alabama,Winston,Arley
Alabama,Winston,Double Springs
Alabama,Winston,Haleyville
Alabama,Winston,Lynn
Alabama,Winston,Natural Bridge
Alabama,Blount,Allgood
Alabama,Blount,Blountsville
Alabama,Blount,Cleveland
Alabama,Blount,County Line
Alabama,Blount,Hayden
Alabama,Blount,Highland Lake
Alabama,Blount,Locust Fork
Alabama,Blount,Nectar
Alabama,Blount,Oneonta
Alabama,Blount,Remlap
Alabama,Blount,Rosa
Alabama,Blount,Smoke Rise
Alabama,Blount,Snead
Alabama,Winston,Arley
Alabama,Winston,Double Springs
